Unique ID,Bill No,Ref Doc ID,Business Date,Created Date,Area,Branch,User Name,Mobile,Sale Items,Ambience,Cleanliness,Availability,Staff,Recommend
MOCK-1,B-1001,REF-2001,01-03-2026,2026-03-01 12:00:00,Nagpur City,AJNI ABIS,User 1,9876540001,Chicken Meat,Good,Good,Good,Good,Definitely Yes
MOCK-2,B-1002,REF-2002,02-04-2026,2026-04-02 12:00:00,Nagpur City,AJNI ABIS,User 2,9876540002,Chicken Meat,Good,Good,Good,Good,Probably Yes
MOCK-3,B-1003,REF-2003,03-05-2026,2026-05-03 12:00:00,Nagpur City,AJNI ABIS,User 3,9876540003,Chicken Meat,Good,Good,Good,Good,Somewhat Likely
MOCK-4,B-1004,REF-2004,04-06-2026,2026-06-04 12:00:00,Nagpur City,AJNI ABIS,User 4,9876540004,Chicken Meat,Good,Good,Good,Good,Probably not
MOCK-5,B-1005,REF-2005,05-03-2026,2026-03-05 12:00:00,Nagpur City,AJNI ABIS,User 5,9876540005,Chicken Meat,Good,Good,Good,Good,Definitely not
MOCK-6,B-1006,REF-2006,06-04-2026,2026-04-06 12:00:00,Nagpur City,AJNI ABIS,User 6,9876540006,Chicken Meat,Good,Good,Good,Good,Definitely Yes
MOCK-7,B-1007,REF-2007,07-05-2026,2026-05-07 12:00:00,Nagpur City,AJNI ABIS,User 7,9876540007,Chicken Meat,Good,Good,Good,Good,Definitely Yes
MOCK-8,B-1008,REF-2008,08-06-2026,2026-06-08 12:00:00,Nagpur City,AJNI ABIS,User 8,9876540008,Chicken Meat,Good,Good,Good,Good,Definitely Yes
MOCK-9,B-1009,REF-2009,09-03-2026,2026-03-09 12:00:00,Nagpur City,AJNI ABIS,User 9,9876540009,Chicken Meat,Good,Good,Good,Good,Probably Yes
MOCK-10,B-1010,REF-2010,10-04-2026,2026-04-10 12:00:00,Nagpur City,AJNI ABIS,User 10,9876540010,Chicken Meat,Good,Good,Good,Good,Somewhat Likely
MOCK-11,B-1011,REF-2011,11-05-2026,2026-05-11 12:00:00,Nagpur City,AJNI ABIS,User 11,9876540011,Chicken Meat,Good,Good,Good,Good,Probably not
MOCK-12,B-1012,REF-2012,12-06-2026,2026-06-12 12:00:00,Nagpur City,AJNI ABIS,User 12,9876540012,Chicken Meat,Good,Good,Good,Good,Definitely not
MOCK-13,B-1013,REF-2013,13-03-2026,2026-03-13 12:00:00,Nagpur City,AJNI ABIS,User 13,9876540013,Chicken Meat,Good,Good,Good,Good,Definitely Yes
MOCK-14,B-1014,REF-2014,14-04-2026,2026-04-14 12:00:00,Nagpur City,AJNI ABIS,User 14,9876540014,Chicken Meat,Good,Good,Good,Good,Definitely Yes
MOCK-15,B-1015,REF-2015,15-05-2026,2026-05-15 12:00:00,Nagpur City,AJNI ABIS,User 15,9876540015,Chicken Meat,Good,Good,Good,Good,Definitely Yes
MOCK-16,B-1016,REF-2016,01-03-2026,2026-03-01 12:00:00,Nagpur City,Chatrapati Shop,User 16,9876540016,Chicken Meat,Good,Good,Good,Good,Definitely Yes
MOCK-17,B-1017,REF-2017,02-04-2026,2026-04-02 12:00:00,Nagpur City,Chatrapati Shop,User 17,9876540017,Chicken Meat,Good,Good,Good,Good,Definitely Yes
MOCK-18,B-1018,REF-2018,03-05-2026,2026-05-03 12:00:00,Nagpur City,Chatrapati Shop,User 18,9876540018,Chicken Meat,Good,Good,Good,Good,Probably Yes
MOCK-19,B-1019,REF-2019,04-06-2026,2026-06-04 12:00:00,Nagpur City,Chatrapati Shop,User 19,9876540019,Chicken Meat,Good,Good,Good,Good,Somewhat Likely
MOCK-20,B-1020,REF-2020,05-03-2026,2026-03-05 12:00:00,Nagpur City,Chatrapati Shop,User 20,9876540020,Chicken Meat,Good,Good,Good,Good,Probably not
MOCK-21,B-1021,REF-2021,06-04-2026,2026-04-06 12:00:00,Nagpur City,Chatrapati Shop,User 21,9876540021,Chicken Meat,Good,Good,Good,Good,Definitely not
MOCK-22,B-1022,REF-2022,07-05-2026,2026-05-07 12:00:00,Nagpur City,Chatrapati Shop,User 22,9876540022,Chicken Meat,Good,Good,Good,Good,Definitely Yes
MOCK-23,B-1023,REF-2023,08-06-2026,2026-06-08 12:00:00,Nagpur City,Chatrapati Shop,User 23,9876540023,Chicken Meat,Good,Good,Good,Good,Definitely Yes
MOCK-24,B-1024,REF-2024,09-03-2026,2026-03-09 12:00:00,Nagpur City,Chatrapati Shop,User 24,9876540024,Chicken Meat,Good,Good,Good,Good,Definitely Yes
MOCK-25,B-1025,REF-2025,10-04-2026,2026-04-10 12:00:00,Nagpur City,Chatrapati Shop,User 25,9876540025,Chicken Meat,Good,Good,Good,Good,Probably Yes
MOCK-26,B-1026,REF-2026,11-05-2026,2026-05-11 12:00:00,Nagpur City,Chatrapati Shop,User 26,9876540026,Chicken Meat,Good,Good,Good,Good,Somewhat Likely
MOCK-27,B-1027,REF-2027,12-06-2026,2026-06-12 12:00:00,Nagpur City,Chatrapati Shop,User 27,9876540027,Chicken Meat,Good,Good,Good,Good,Probably not
MOCK-28,B-1028,REF-2028,13-03-2026,2026-03-13 12:00:00,Nagpur City,Chatrapati Shop,User 28,9876540028,Chicken Meat,Good,Good,Good,Good,Definitely not
MOCK-29,B-1029,REF-2029,14-04-2026,2026-04-14 12:00:00,Nagpur City,Chatrapati Shop,User 29,9876540029,Chicken Meat,Good,Good,Good,Good,Definitely Yes
MOCK-30,B-1030,REF-2030,15-05-2026,2026-05-15 12:00:00,Nagpur City,Chatrapati Shop,User 30,9876540030,Chicken Meat,Good,Good,Good,Good,Definitely Yes
MOCK-31,B-1031,REF-2031,01-03-2026,2026-03-01 12:00:00,Nagpur City,DATTAWADI  SHOP,User 31,9876540031,Chicken Meat,Good,Good,Good,Good,Definitely Yes
MOCK-32,B-1032,REF-2032,02-04-2026,2026-04-02 12:00:00,Nagpur City,DATTAWADI  SHOP,User 32,9876540032,Chicken Meat,Good,Good,Good,Good,Definitely Yes
MOCK-33,B-1033,REF-2033,03-05-2026,2026-05-03 12:00:00,Nagpur City,DATTAWADI  SHOP,User 33,9876540033,Chicken Meat,Good,Good,Good,Good,Probably Yes
MOCK-34,B-1034,REF-2034,04-06-2026,2026-06-04 12:00:00,Nagpur City,DATTAWADI  SHOP,User 34,9876540034,Chicken Meat,Good,Good,Good,Good,Somewhat Likely
MOCK-35,B-1035,REF-2035,05-03-2026,2026-03-05 12:00:00,Nagpur City,DATTAWADI  SHOP,User 35,9876540035,Chicken Meat,Good,Good,Good,Good,Probably not
MOCK-36,B-1036,REF-2036,06-04-2026,2026-04-06 12:00:00,Nagpur City,DATTAWADI  SHOP,User 36,9876540036,Chicken Meat,Good,Good,Good,Good,Definitely not
MOCK-37,B-1037,REF-2037,07-05-2026,2026-05-07 12:00:00,Nagpur City,DATTAWADI  SHOP,User 37,9876540037,Chicken Meat,Good,Good,Good,Good,Definitely Yes
MOCK-38,B-1038,REF-2038,08-06-2026,2026-06-08 12:00:00,Nagpur City,DATTAWADI  SHOP,User 38,9876540038,Chicken Meat,Good,Good,Good,Good,Definitely Yes
MOCK-39,B-1039,REF-2039,09-03-2026,2026-03-09 12:00:00,Nagpur City,DATTAWADI  SHOP,User 39,9876540039,Chicken Meat,Good,Good,Good,Good,Definitely Yes
MOCK-40,B-1040,REF-2040,10-04-2026,2026-04-10 12:00:00,Nagpur City,DATTAWADI  SHOP,User 40,9876540040,Chicken Meat,Good,Good,Good,Good,Probably Yes
MOCK-41,B-1041,REF-2041,11-05-2026,2026-05-11 12:00:00,Nagpur City,DATTAWADI  SHOP,User 41,9876540041,Chicken Meat,Good,Good,Good,Good,Somewhat Likely
MOCK-42,B-1042,REF-2042,12-06-2026,2026-06-12 12:00:00,Nagpur City,DATTAWADI  SHOP,User 42,9876540042,Chicken Meat,Good,Good,Good,Good,Probably not
MOCK-43,B-1043,REF-2043,13-03-2026,2026-03-13 12:00:00,Nagpur City,DATTAWADI  SHOP,User 43,9876540043,Chicken Meat,Good,Good,Good,Good,Definitely not
MOCK-44,B-1044,REF-2044,14-04-2026,2026-04-14 12:00:00,Nagpur City,DATTAWADI  SHOP,User 44,9876540044,Chicken Meat,Good,Good,Good,Good,Definitely Yes
MOCK-45,B-1045,REF-2045,15-05-2026,2026-05-15 12:00:00,Nagpur City,DATTAWADI  SHOP,User 45,9876540045,Chicken Meat,Good,Good,Good,Good,Definitely Yes
MOCK-46,B-1046,REF-2046,01-03-2026,2026-03-01 12:00:00,Nagpur City,FRIENDS,NAGPUR,User 46,9876540046,Chicken Meat,Good,Good,Good,Good,Definitely Yes
MOCK-47,B-1047,REF-2047,02-04-2026,2026-04-02 12:00:00,Nagpur City,FRIENDS,NAGPUR,User 47,9876540047,Chicken Meat,Good,Good,Good,Good,Definitely Yes
MOCK-48,B-1048,REF-2048,03-05-2026,2026-05-03 12:00:00,Nagpur City,FRIENDS,NAGPUR,User 48,9876540048,Chicken Meat,Good,Good,Good,Good,Definitely Yes
MOCK-49,B-1049,REF-2049,04-06-2026,2026-06-04 12:00:00,Nagpur City,FRIENDS,NAGPUR,User 49,9876540049,Chicken Meat,Good,Good,Good,Good,Probably Yes
MOCK-50,B-1050,REF-2050,05-03-2026,2026-03-05 12:00:00,Nagpur City,FRIENDS,NAGPUR,User 50,9876540050,Chicken Meat,Good,Good,Good,Good,Somewhat Likely
MOCK-51,B-1051,REF-2051,06-04-2026,2026-04-06 12:00:00,Nagpur City,FRIENDS,NAGPUR,User 51,9876540051,Chicken Meat,Good,Good,Good,Good,Probably not
MOCK-52,B-1052,REF-2052,07-05-2026,2026-05-07 12:00:00,Nagpur City,FRIENDS,NAGPUR,User 52,9876540052,Chicken Meat,Good,Good,Good,Good,Definitely not
MOCK-53,B-1053,REF-2053,08-06-2026,2026-06-08 12:00:00,Nagpur City,FRIENDS,NAGPUR,User 53,9876540053,Chicken Meat,Good,Good,Good,Good,Definitely Yes
MOCK-54,B-1054,REF-2054,09-03-2026,2026-03-09 12:00:00,Nagpur City,FRIENDS,NAGPUR,User 54,9876540054,Chicken Meat,Good,Good,Good,Good,Definitely Yes
MOCK-55,B-1055,REF-2055,10-04-2026,2026-04-10 12:00:00,Nagpur City,FRIENDS,NAGPUR,User 55,9876540055,Chicken Meat,Good,Good,Good,Good,Definitely Yes
MOCK-56,B-1056,REF-2056,11-05-2026,2026-05-11 12:00:00,Nagpur City,FRIENDS,NAGPUR,User 56,9876540056,Chicken Meat,Good,Good,Good,Good,Probably Yes
MOCK-57,B-1057,REF-2057,12-06-2026,2026-06-12 12:00:00,Nagpur City,FRIENDS,NAGPUR,User 57,9876540057,Chicken Meat,Good,Good,Good,Good,Somewhat Likely
MOCK-58,B-1058,REF-2058,13-03-2026,2026-03-13 12:00:00,Nagpur City,FRIENDS,NAGPUR,User 58,9876540058,Chicken Meat,Good,Good,Good,Good,Probably not
MOCK-59,B-1059,REF-2059,14-04-2026,2026-04-14 12:00:00,Nagpur City,FRIENDS,NAGPUR,User 59,9876540059,Chicken Meat,Good,Good,Good,Good,Definitely not
MOCK-60,B-1060,REF-2060,15-05-2026,2026-05-15 12:00:00,Nagpur City,FRIENDS,NAGPUR,User 60,9876540060,Chicken Meat,Good,Good,Good,Good,Definitely Yes
MOCK-61,B-1061,REF-2061,01-03-2026,2026-03-01 12:00:00,Nagpur City,GODHANI ABIS,User 61,9876540061,Chicken Meat,Good,Good,Good,Good,Probably not
MOCK-62,B-1062,REF-2062,02-04-2026,2026-04-02 12:00:00,Nagpur City,GODHANI ABIS,User 62,9876540062,Chicken Meat,Good,Good,Good,Good,Definitely not
MOCK-63,B-1063,REF-2063,03-05-2026,2026-05-03 12:00:00,Nagpur City,GODHANI ABIS,User 63,9876540063,Chicken Meat,Good,Good,Good,Good,Definitely Yes
MOCK-64,B-1064,REF-2064,04-06-2026,2026-06-04 12:00:00,Nagpur City,GODHANI ABIS,User 64,9876540064,Chicken Meat,Good,Good,Good,Good,Definitely Yes
MOCK-65,B-1065,REF-2065,05-03-2026,2026-03-05 12:00:00,Nagpur City,GODHANI ABIS,User 65,9876540065,Chicken Meat,Good,Good,Good,Good,Definitely Yes
MOCK-66,B-1066,REF-2066,06-04-2026,2026-04-06 12:00:00,Nagpur City,GODHANI ABIS,User 66,9876540066,Chicken Meat,Good,Good,Good,Good,Probably Yes
MOCK-67,B-1067,REF-2067,07-05-2026,2026-05-07 12:00:00,Nagpur City,GODHANI ABIS,User 67,9876540067,Chicken Meat,Good,Good,Good,Good,Somewhat Likely
MOCK-68,B-1068,REF-2068,08-06-2026,2026-06-08 12:00:00,Nagpur City,GODHANI ABIS,User 68,9876540068,Chicken Meat,Good,Good,Good,Good,Probably not
MOCK-69,B-1069,REF-2069,09-03-2026,2026-03-09 12:00:00,Nagpur City,GODHANI ABIS,User 69,9876540069,Chicken Meat,Good,Good,Good,Good,Definitely not
MOCK-70,B-1070,REF-2070,10-04-2026,2026-04-10 12:00:00,Nagpur City,GODHANI ABIS,User 70,9876540070,Chicken Meat,Good,Good,Good,Good,Definitely Yes
MOCK-71,B-1071,REF-2071,11-05-2026,2026-05-11 12:00:00,Nagpur City,GODHANI ABIS,User 71,9876540071,Chicken Meat,Good,Good,Good,Good,Definitely Yes
MOCK-72,B-1072,REF-2072,12-06-2026,2026-06-12 12:00:00,Nagpur City,GODHANI ABIS,User 72,9876540072,Chicken Meat,Good,Good,Good,Good,Definitely Yes
MOCK-73,B-1073,REF-2073,13-03-2026,2026-03-13 12:00:00,Nagpur City,GODHANI ABIS,User 73,9876540073,Chicken Meat,Good,Good,Good,Good,Probably Yes
MOCK-74,B-1074,REF-2074,14-04-2026,2026-04-14 12:00:00,Nagpur City,GODHANI ABIS,User 74,9876540074,Chicken Meat,Good,Good,Good,Good,Somewhat Likely
MOCK-75,B-1075,REF-2075,15-05-2026,2026-05-15 12:00:00,Nagpur City,GODHANI ABIS,User 75,9876540075,Chicken Meat,Good,Good,Good,Good,Probably not
MOCK-76,B-1076,REF-2076,01-03-2026,2026-03-01 12:00:00,Nagpur City,JARIPATAKA,NAGPUR,User 76,9876540076,Chicken Meat,Good,Good,Good,Good,Probably Yes
MOCK-77,B-1077,REF-2077,02-04-2026,2026-04-02 12:00:00,Nagpur City,JARIPATAKA,NAGPUR,User 77,9876540077,Chicken Meat,Good,Good,Good,Good,Somewhat Likely
MOCK-78,B-1078,REF-2078,03-05-2026,2026-05-03 12:00:00,Nagpur City,JARIPATAKA,NAGPUR,User 78,9876540078,Chicken Meat,Good,Good,Good,Good,Probably not
MOCK-79,B-1079,REF-2079,04-06-2026,2026-06-04 12:00:00,Nagpur City,JARIPATAKA,NAGPUR,User 79,9876540079,Chicken Meat,Good,Good,Good,Good,Definitely not
MOCK-80,B-1080,REF-2080,05-03-2026,2026-03-05 12:00:00,Nagpur City,JARIPATAKA,NAGPUR,User 80,9876540080,Chicken Meat,Good,Good,Good,Good,Definitely Yes
MOCK-81,B-1081,REF-2081,06-04-2026,2026-04-06 12:00:00,Nagpur City,JARIPATAKA,NAGPUR,User 81,9876540081,Chicken Meat,Good,Good,Good,Good,Definitely Yes
MOCK-82,B-1082,REF-2082,07-05-2026,2026-05-07 12:00:00,Nagpur City,JARIPATAKA,NAGPUR,User 82,9876540082,Chicken Meat,Good,Good,Good,Good,Definitely Yes
MOCK-83,B-1083,REF-2083,08-06-2026,2026-06-08 12:00:00,Nagpur City,JARIPATAKA,NAGPUR,User 83,9876540083,Chicken Meat,Good,Good,Good,Good,Probably Yes
MOCK-84,B-1084,REF-2084,09-03-2026,2026-03-09 12:00:00,Nagpur City,JARIPATAKA,NAGPUR,User 84,9876540084,Chicken Meat,Good,Good,Good,Good,Somewhat Likely
MOCK-85,B-1085,REF-2085,10-04-2026,2026-04-10 12:00:00,Nagpur City,JARIPATAKA,NAGPUR,User 85,9876540085,Chicken Meat,Good,Good,Good,Good,Probably not
MOCK-86,B-1086,REF-2086,11-05-2026,2026-05-11 12:00:00,Nagpur City,JARIPATAKA,NAGPUR,User 86,9876540086,Chicken Meat,Good,Good,Good,Good,Definitely not
MOCK-87,B-1087,REF-2087,12-06-2026,2026-06-12 12:00:00,Nagpur City,JARIPATAKA,NAGPUR,User 87,9876540087,Chicken Meat,Good,Good,Good,Good,Definitely Yes
MOCK-88,B-1088,REF-2088,13-03-2026,2026-03-13 12:00:00,Nagpur City,JARIPATAKA,NAGPUR,User 88,9876540088,Chicken Meat,Good,Good,Good,Good,Definitely Yes
MOCK-89,B-1089,REF-2089,14-04-2026,2026-04-14 12:00:00,Nagpur City,JARIPATAKA,NAGPUR,User 89,9876540089,Chicken Meat,Good,Good,Good,Good,Definitely Yes
MOCK-90,B-1090,REF-2090,15-05-2026,2026-05-15 12:00:00,Nagpur City,JARIPATAKA,NAGPUR,User 90,9876540090,Chicken Meat,Good,Good,Good,Good,Probably Yes
MOCK-91,B-1091,REF-2091,01-03-2026,2026-03-01 12:00:00,Nagpur City,KHAMLA ROAD ABIS,User 91,9876540091,Chicken Meat,Good,Good,Good,Good,Definitely Yes
MOCK-92,B-1092,REF-2092,02-04-2026,2026-04-02 12:00:00,Nagpur City,KHAMLA ROAD ABIS,User 92,9876540092,Chicken Meat,Good,Good,Good,Good,Probably Yes
MOCK-93,B-1093,REF-2093,03-05-2026,2026-05-03 12:00:00,Nagpur City,KHAMLA ROAD ABIS,User 93,9876540093,Chicken Meat,Good,Good,Good,Good,Somewhat Likely
MOCK-94,B-1094,REF-2094,04-06-2026,2026-06-04 12:00:00,Nagpur City,KHAMLA ROAD ABIS,User 94,9876540094,Chicken Meat,Good,Good,Good,Good,Probably not
MOCK-95,B-1095,REF-2095,05-03-2026,2026-03-05 12:00:00,Nagpur City,KHAMLA ROAD ABIS,User 95,9876540095,Chicken Meat,Good,Good,Good,Good,Definitely not
MOCK-96,B-1096,REF-2096,06-04-2026,2026-04-06 12:00:00,Nagpur City,KHAMLA ROAD ABIS,User 96,9876540096,Chicken Meat,Good,Good,Good,Good,Definitely Yes
MOCK-97,B-1097,REF-2097,07-05-2026,2026-05-07 12:00:00,Nagpur City,KHAMLA ROAD ABIS,User 97,9876540097,Chicken Meat,Good,Good,Good,Good,Definitely Yes
MOCK-98,B-1098,REF-2098,08-06-2026,2026-06-08 12:00:00,Nagpur City,KHAMLA ROAD ABIS,User 98,9876540098,Chicken Meat,Good,Good,Good,Good,Definitely Yes
MOCK-99,B-1099,REF-2099,09-03-2026,2026-03-09 12:00:00,Nagpur City,KHAMLA ROAD ABIS,User 99,9876540099,Chicken Meat,Good,Good,Good,Good,Probably Yes
MOCK-100,B-1100,REF-2100,10-04-2026,2026-04-10 12:00:00,Nagpur City,KHAMLA ROAD ABIS,User 100,9876540100,Chicken Meat,Good,Good,Good,Good,Somewhat Likely
MOCK-101,B-1101,REF-2101,11-05-2026,2026-05-11 12:00:00,Nagpur City,KHAMLA ROAD ABIS,User 101,9876540101,Chicken Meat,Good,Good,Good,Good,Probably not
MOCK-102,B-1102,REF-2102,12-06-2026,2026-06-12 12:00:00,Nagpur City,KHAMLA ROAD ABIS,User 102,9876540102,Chicken Meat,Good,Good,Good,Good,Definitely not
MOCK-103,B-1103,REF-2103,13-03-2026,2026-03-13 12:00:00,Nagpur City,KHAMLA ROAD ABIS,User 103,9876540103,Chicken Meat,Good,Good,Good,Good,Definitely Yes
MOCK-104,B-1104,REF-2104,14-04-2026,2026-04-14 12:00:00,Nagpur City,KHAMLA ROAD ABIS,User 104,9876540104,Chicken Meat,Good,Good,Good,Good,Definitely Yes
MOCK-105,B-1105,REF-2105,15-05-2026,2026-05-15 12:00:00,Nagpur City,KHAMLA ROAD ABIS,User 105,9876540105,Chicken Meat,Good,Good,Good,Good,Definitely Yes
MOCK-106,B-1106,REF-2106,01-03-2026,2026-03-01 12:00:00,Nagpur City,MANEWADA ROAD   ABIS,User 106,9876540106,Chicken Meat,Good,Good,Good,Good,Definitely not
MOCK-107,B-1107,REF-2107,02-04-2026,2026-04-02 12:00:00,Nagpur City,MANEWADA ROAD   ABIS,User 107,9876540107,Chicken Meat,Good,Good,Good,Good,Definitely Yes
MOCK-108,B-1108,REF-2108,03-05-2026,2026-05-03 12:00:00,Nagpur City,MANEWADA ROAD   ABIS,User 108,9876540108,Chicken Meat,Good,Good,Good,Good,Definitely Yes
MOCK-109,B-1109,REF-2109,04-06-2026,2026-06-04 12:00:00,Nagpur City,MANEWADA ROAD   ABIS,User 109,9876540109,Chicken Meat,Good,Good,Good,Good,Definitely Yes
MOCK-110,B-1110,REF-2110,05-03-2026,2026-03-05 12:00:00,Nagpur City,MANEWADA ROAD   ABIS,User 110,9876540110,Chicken Meat,Good,Good,Good,Good,Probably Yes
MOCK-111,B-1111,REF-2111,06-04-2026,2026-04-06 12:00:00,Nagpur City,MANEWADA ROAD   ABIS,User 111,9876540111,Chicken Meat,Good,Good,Good,Good,Somewhat Likely
MOCK-112,B-1112,REF-2112,07-05-2026,2026-05-07 12:00:00,Nagpur City,MANEWADA ROAD   ABIS,User 112,9876540112,Chicken Meat,Good,Good,Good,Good,Probably not
MOCK-113,B-1113,REF-2113,08-06-2026,2026-06-08 12:00:00,Nagpur City,MANEWADA ROAD   ABIS,User 113,9876540113,Chicken Meat,Good,Good,Good,Good,Definitely not
MOCK-114,B-1114,REF-2114,09-03-2026,2026-03-09 12:00:00,Nagpur City,MANEWADA ROAD   ABIS,User 114,9876540114,Chicken Meat,Good,Good,Good,Good,Definitely Yes
MOCK-115,B-1115,REF-2115,10-04-2026,2026-04-10 12:00:00,Nagpur City,MANEWADA ROAD   ABIS,User 115,9876540115,Chicken Meat,Good,Good,Good,Good,Definitely Yes
MOCK-116,B-1116,REF-2116,11-05-2026,2026-05-11 12:00:00,Nagpur City,MANEWADA ROAD   ABIS,User 116,9876540116,Chicken Meat,Good,Good,Good,Good,Definitely Yes
MOCK-117,B-1117,REF-2117,12-06-2026,2026-06-12 12:00:00,Nagpur City,MANEWADA ROAD   ABIS,User 117,9876540117,Chicken Meat,Good,Good,Good,Good,Probably Yes
MOCK-118,B-1118,REF-2118,13-03-2026,2026-03-13 12:00:00,Nagpur City,MANEWADA ROAD   ABIS,User 118,9876540118,Chicken Meat,Good,Good,Good,Good,Somewhat Likely
MOCK-119,B-1119,REF-2119,14-04-2026,2026-04-14 12:00:00,Nagpur City,MANEWADA ROAD   ABIS,User 119,9876540119,Chicken Meat,Good,Good,Good,Good,Probably not
MOCK-120,B-1120,REF-2120,15-05-2026,2026-05-15 12:00:00,Nagpur City,MANEWADA ROAD   ABIS,User 120,9876540120,Chicken Meat,Good,Good,Good,Good,Definitely not
MOCK-121,B-1121,REF-2121,01-03-2026,2026-03-01 12:00:00,Nagpur City,MANISH NAGAR  ABIS,User 121,9876540121,Chicken Meat,Good,Good,Good,Good,Somewhat Likely
MOCK-122,B-1122,REF-2122,02-04-2026,2026-04-02 12:00:00,Nagpur City,MANISH NAGAR  ABIS,User 122,9876540122,Chicken Meat,Good,Good,Good,Good,Probably not
MOCK-123,B-1123,REF-2123,03-05-2026,2026-05-03 12:00:00,Nagpur City,MANISH NAGAR  ABIS,User 123,9876540123,Chicken Meat,Good,Good,Good,Good,Definitely not
MOCK-124,B-1124,REF-2124,04-06-2026,2026-06-04 12:00:00,Nagpur City,MANISH NAGAR  ABIS,User 124,9876540124,Chicken Meat,Good,Good,Good,Good,Definitely Yes
MOCK-125,B-1125,REF-2125,05-03-2026,2026-03-05 12:00:00,Nagpur City,MANISH NAGAR  ABIS,User 125,9876540125,Chicken Meat,Good,Good,Good,Good,Definitely Yes
MOCK-126,B-1126,REF-2126,06-04-2026,2026-04-06 12:00:00,Nagpur City,MANISH NAGAR  ABIS,User 126,9876540126,Chicken Meat,Good,Good,Good,Good,Definitely Yes
MOCK-127,B-1127,REF-2127,07-05-2026,2026-05-07 12:00:00,Nagpur City,MANISH NAGAR  ABIS,User 127,9876540127,Chicken Meat,Good,Good,Good,Good,Probably Yes
MOCK-128,B-1128,REF-2128,08-06-2026,2026-06-08 12:00:00,Nagpur City,MANISH NAGAR  ABIS,User 128,9876540128,Chicken Meat,Good,Good,Good,Good,Somewhat Likely
MOCK-129,B-1129,REF-2129,09-03-2026,2026-03-09 12:00:00,Nagpur City,MANISH NAGAR  ABIS,User 129,9876540129,Chicken Meat,Good,Good,Good,Good,Probably not
MOCK-130,B-1130,REF-2130,10-04-2026,2026-04-10 12:00:00,Nagpur City,MANISH NAGAR  ABIS,User 130,9876540130,Chicken Meat,Good,Good,Good,Good,Definitely not
MOCK-131,B-1131,REF-2131,11-05-2026,2026-05-11 12:00:00,Nagpur City,MANISH NAGAR  ABIS,User 131,9876540131,Chicken Meat,Good,Good,Good,Good,Definitely Yes
MOCK-132,B-1132,REF-2132,12-06-2026,2026-06-12 12:00:00,Nagpur City,MANISH NAGAR  ABIS,User 132,9876540132,Chicken Meat,Good,Good,Good,Good,Definitely Yes
MOCK-133,B-1133,REF-2133,13-03-2026,2026-03-13 12:00:00,Nagpur City,MANISH NAGAR  ABIS,User 133,9876540133,Chicken Meat,Good,Good,Good,Good,Definitely Yes
MOCK-134,B-1134,REF-2134,14-04-2026,2026-04-14 12:00:00,Nagpur City,MANISH NAGAR  ABIS,User 134,9876540134,Chicken Meat,Good,Good,Good,Good,Probably Yes
MOCK-135,B-1135,REF-2135,15-05-2026,2026-05-15 12:00:00,Nagpur City,MANISH NAGAR  ABIS,User 135,9876540135,Chicken Meat,Good,Good,Good,Good,Somewhat Likely
MOCK-136,B-1136,REF-2136,01-03-2026,2026-03-01 12:00:00,Nagpur City,NANDANWAN ABIS,User 136,9876540136,Chicken Meat,Good,Good,Good,Good,Definitely Yes
MOCK-137,B-1137,REF-2137,02-04-2026,2026-04-02 12:00:00,Nagpur City,NANDANWAN ABIS,User 137,9876540137,Chicken Meat,Good,Good,Good,Good,Definitely Yes
MOCK-138,B-1138,REF-2138,03-05-2026,2026-05-03 12:00:00,Nagpur City,NANDANWAN ABIS,User 138,9876540138,Chicken Meat,Good,Good,Good,Good,Definitely Yes
MOCK-139,B-1139,REF-2139,04-06-2026,2026-06-04 12:00:00,Nagpur City,NANDANWAN ABIS,User 139,9876540139,Chicken Meat,Good,Good,Good,Good,Probably Yes
MOCK-140,B-1140,REF-2140,05-03-2026,2026-03-05 12:00:00,Nagpur City,NANDANWAN ABIS,User 140,9876540140,Chicken Meat,Good,Good,Good,Good,Somewhat Likely
MOCK-141,B-1141,REF-2141,06-04-2026,2026-04-06 12:00:00,Nagpur City,NANDANWAN ABIS,User 141,9876540141,Chicken Meat,Good,Good,Good,Good,Probably not
MOCK-142,B-1142,REF-2142,07-05-2026,2026-05-07 12:00:00,Nagpur City,NANDANWAN ABIS,User 142,9876540142,Chicken Meat,Good,Good,Good,Good,Definitely not
MOCK-143,B-1143,REF-2143,08-06-2026,2026-06-08 12:00:00,Nagpur City,NANDANWAN ABIS,User 143,9876540143,Chicken Meat,Good,Good,Good,Good,Definitely Yes
MOCK-144,B-1144,REF-2144,09-03-2026,2026-03-09 12:00:00,Nagpur City,NANDANWAN ABIS,User 144,9876540144,Chicken Meat,Good,Good,Good,Good,Definitely Yes
MOCK-145,B-1145,REF-2145,10-04-2026,2026-04-10 12:00:00,Nagpur City,NANDANWAN ABIS,User 145,9876540145,Chicken Meat,Good,Good,Good,Good,Definitely Yes
MOCK-146,B-1146,REF-2146,11-05-2026,2026-05-11 12:00:00,Nagpur City,NANDANWAN ABIS,User 146,9876540146,Chicken Meat,Good,Good,Good,Good,Probably Yes
MOCK-147,B-1147,REF-2147,12-06-2026,2026-06-12 12:00:00,Nagpur City,NANDANWAN ABIS,User 147,9876540147,Chicken Meat,Good,Good,Good,Good,Somewhat Likely
MOCK-148,B-1148,REF-2148,13-03-2026,2026-03-13 12:00:00,Nagpur City,NANDANWAN ABIS,User 148,9876540148,Chicken Meat,Good,Good,Good,Good,Probably not
MOCK-149,B-1149,REF-2149,14-04-2026,2026-04-14 12:00:00,Nagpur City,NANDANWAN ABIS,User 149,9876540149,Chicken Meat,Good,Good,Good,Good,Definitely not
MOCK-150,B-1150,REF-2150,15-05-2026,2026-05-15 12:00:00,Nagpur City,NANDANWAN ABIS,User 150,9876540150,Chicken Meat,Good,Good,Good,Good,Definitely Yes
MOCK-151,B-1151,REF-2151,01-03-2026,2026-03-01 12:00:00,Nagpur City,PRASHANT NAGAR SHOP,User 151,9876540151,Chicken Meat,Good,Good,Good,Good,Probably not
MOCK-152,B-1152,REF-2152,02-04-2026,2026-04-02 12:00:00,Nagpur City,PRASHANT NAGAR SHOP,User 152,9876540152,Chicken Meat,Good,Good,Good,Good,Definitely not
MOCK-153,B-1153,REF-2153,03-05-2026,2026-05-03 12:00:00,Nagpur City,PRASHANT NAGAR SHOP,User 153,9876540153,Chicken Meat,Good,Good,Good,Good,Definitely Yes
MOCK-154,B-1154,REF-2154,04-06-2026,2026-06-04 12:00:00,Nagpur City,PRASHANT NAGAR SHOP,User 154,9876540154,Chicken Meat,Good,Good,Good,Good,Definitely Yes
MOCK-155,B-1155,REF-2155,05-03-2026,2026-03-05 12:00:00,Nagpur City,PRASHANT NAGAR SHOP,User 155,9876540155,Chicken Meat,Good,Good,Good,Good,Definitely Yes
MOCK-156,B-1156,REF-2156,06-04-2026,2026-04-06 12:00:00,Nagpur City,PRASHANT NAGAR SHOP,User 156,9876540156,Chicken Meat,Good,Good,Good,Good,Probably Yes
MOCK-157,B-1157,REF-2157,07-05-2026,2026-05-07 12:00:00,Nagpur City,PRASHANT NAGAR SHOP,User 157,9876540157,Chicken Meat,Good,Good,Good,Good,Somewhat Likely
MOCK-158,B-1158,REF-2158,08-06-2026,2026-06-08 12:00:00,Nagpur City,PRASHANT NAGAR SHOP,User 158,9876540158,Chicken Meat,Good,Good,Good,Good,Probably not
MOCK-159,B-1159,REF-2159,09-03-2026,2026-03-09 12:00:00,Nagpur City,PRASHANT NAGAR SHOP,User 159,9876540159,Chicken Meat,Good,Good,Good,Good,Definitely not
MOCK-160,B-1160,REF-2160,10-04-2026,2026-04-10 12:00:00,Nagpur City,PRASHANT NAGAR SHOP,User 160,9876540160,Chicken Meat,Good,Good,Good,Good,Definitely Yes
MOCK-161,B-1161,REF-2161,11-05-2026,2026-05-11 12:00:00,Nagpur City,PRASHANT NAGAR SHOP,User 161,9876540161,Chicken Meat,Good,Good,Good,Good,Definitely Yes
MOCK-162,B-1162,REF-2162,12-06-2026,2026-06-12 12:00:00,Nagpur City,PRASHANT NAGAR SHOP,User 162,9876540162,Chicken Meat,Good,Good,Good,Good,Definitely Yes
MOCK-163,B-1163,REF-2163,13-03-2026,2026-03-13 12:00:00,Nagpur City,PRASHANT NAGAR SHOP,User 163,9876540163,Chicken Meat,Good,Good,Good,Good,Probably Yes
MOCK-164,B-1164,REF-2164,14-04-2026,2026-04-14 12:00:00,Nagpur City,PRASHANT NAGAR SHOP,User 164,9876540164,Chicken Meat,Good,Good,Good,Good,Somewhat Likely
MOCK-165,B-1165,REF-2165,15-05-2026,2026-05-15 12:00:00,Nagpur City,PRASHANT NAGAR SHOP,User 165,9876540165,Chicken Meat,Good,Good,Good,Good,Probably not
MOCK-166,B-1166,REF-2166,01-03-2026,2026-03-01 12:00:00,Nagpur City,RAMNAGAR   ABIS,User 166,9876540166,Chicken Meat,Good,Good,Good,Good,Definitely Yes
MOCK-167,B-1167,REF-2167,02-04-2026,2026-04-02 12:00:00,Nagpur City,RAMNAGAR   ABIS,User 167,9876540167,Chicken Meat,Good,Good,Good,Good,Definitely Yes
MOCK-168,B-1168,REF-2168,03-05-2026,2026-05-03 12:00:00,Nagpur City,RAMNAGAR   ABIS,User 168,9876540168,Chicken Meat,Good,Good,Good,Good,Probably Yes
MOCK-169,B-1169,REF-2169,04-06-2026,2026-06-04 12:00:00,Nagpur City,RAMNAGAR   ABIS,User 169,9876540169,Chicken Meat,Good,Good,Good,Good,Somewhat Likely
MOCK-170,B-1170,REF-2170,05-03-2026,2026-03-05 12:00:00,Nagpur City,RAMNAGAR   ABIS,User 170,9876540170,Chicken Meat,Good,Good,Good,Good,Probably not
MOCK-171,B-1171,REF-2171,06-04-2026,2026-04-06 12:00:00,Nagpur City,RAMNAGAR   ABIS,User 171,9876540171,Chicken Meat,Good,Good,Good,Good,Definitely not
MOCK-172,B-1172,REF-2172,07-05-2026,2026-05-07 12:00:00,Nagpur City,RAMNAGAR   ABIS,User 172,9876540172,Chicken Meat,Good,Good,Good,Good,Definitely Yes
MOCK-173,B-1173,REF-2173,08-06-2026,2026-06-08 12:00:00,Nagpur City,RAMNAGAR   ABIS,User 173,9876540173,Chicken Meat,Good,Good,Good,Good,Definitely Yes
MOCK-174,B-1174,REF-2174,09-03-2026,2026-03-09 12:00:00,Nagpur City,RAMNAGAR   ABIS,User 174,9876540174,Chicken Meat,Good,Good,Good,Good,Definitely Yes
MOCK-175,B-1175,REF-2175,10-04-2026,2026-04-10 12:00:00,Nagpur City,RAMNAGAR   ABIS,User 175,9876540175,Chicken Meat,Good,Good,Good,Good,Probably Yes
MOCK-176,B-1176,REF-2176,11-05-2026,2026-05-11 12:00:00,Nagpur City,RAMNAGAR   ABIS,User 176,9876540176,Chicken Meat,Good,Good,Good,Good,Somewhat Likely
MOCK-177,B-1177,REF-2177,12-06-2026,2026-06-12 12:00:00,Nagpur City,RAMNAGAR   ABIS,User 177,9876540177,Chicken Meat,Good,Good,Good,Good,Probably not
MOCK-178,B-1178,REF-2178,13-03-2026,2026-03-13 12:00:00,Nagpur City,RAMNAGAR   ABIS,User 178,9876540178,Chicken Meat,Good,Good,Good,Good,Definitely not
MOCK-179,B-1179,REF-2179,14-04-2026,2026-04-14 12:00:00,Nagpur City,RAMNAGAR   ABIS,User 179,9876540179,Chicken Meat,Good,Good,Good,Good,Definitely Yes
MOCK-180,B-1180,REF-2180,15-05-2026,2026-05-15 12:00:00,Nagpur City,RAMNAGAR   ABIS,User 180,9876540180,Chicken Meat,Good,Good,Good,Good,Definitely Yes
MOCK-181,B-1181,REF-2181,01-03-2026,2026-03-01 12:00:00,Nagpur City,RAMNAGAR ABIS,User 181,9876540181,Chicken Meat,Good,Good,Good,Good,Definitely not
MOCK-182,B-1182,REF-2182,02-04-2026,2026-04-02 12:00:00,Nagpur City,RAMNAGAR ABIS,User 182,9876540182,Chicken Meat,Good,Good,Good,Good,Definitely Yes
MOCK-183,B-1183,REF-2183,03-05-2026,2026-05-03 12:00:00,Nagpur City,RAMNAGAR ABIS,User 183,9876540183,Chicken Meat,Good,Good,Good,Good,Definitely Yes
MOCK-184,B-1184,REF-2184,04-06-2026,2026-06-04 12:00:00,Nagpur City,RAMNAGAR ABIS,User 184,9876540184,Chicken Meat,Good,Good,Good,Good,Definitely Yes
MOCK-185,B-1185,REF-2185,05-03-2026,2026-03-05 12:00:00,Nagpur City,RAMNAGAR ABIS,User 185,9876540185,Chicken Meat,Good,Good,Good,Good,Probably Yes
MOCK-186,B-1186,REF-2186,06-04-2026,2026-04-06 12:00:00,Nagpur City,RAMNAGAR ABIS,User 186,9876540186,Chicken Meat,Good,Good,Good,Good,Somewhat Likely
MOCK-187,B-1187,REF-2187,07-05-2026,2026-05-07 12:00:00,Nagpur City,RAMNAGAR ABIS,User 187,9876540187,Chicken Meat,Good,Good,Good,Good,Probably not
MOCK-188,B-1188,REF-2188,08-06-2026,2026-06-08 12:00:00,Nagpur City,RAMNAGAR ABIS,User 188,9876540188,Chicken Meat,Good,Good,Good,Good,Definitely not
MOCK-189,B-1189,REF-2189,09-03-2026,2026-03-09 12:00:00,Nagpur City,RAMNAGAR ABIS,User 189,9876540189,Chicken Meat,Good,Good,Good,Good,Definitely Yes
MOCK-190,B-1190,REF-2190,10-04-2026,2026-04-10 12:00:00,Nagpur City,RAMNAGAR ABIS,User 190,9876540190,Chicken Meat,Good,Good,Good,Good,Definitely Yes
MOCK-191,B-1191,REF-2191,11-05-2026,2026-05-11 12:00:00,Nagpur City,RAMNAGAR ABIS,User 191,9876540191,Chicken Meat,Good,Good,Good,Good,Definitely Yes
MOCK-192,B-1192,REF-2192,12-06-2026,2026-06-12 12:00:00,Nagpur City,RAMNAGAR ABIS,User 192,9876540192,Chicken Meat,Good,Good,Good,Good,Probably Yes
MOCK-193,B-1193,REF-2193,13-03-2026,2026-03-13 12:00:00,Nagpur City,RAMNAGAR ABIS,User 193,9876540193,Chicken Meat,Good,Good,Good,Good,Somewhat Likely
MOCK-194,B-1194,REF-2194,14-04-2026,2026-04-14 12:00:00,Nagpur City,RAMNAGAR ABIS,User 194,9876540194,Chicken Meat,Good,Good,Good,Good,Probably not
MOCK-195,B-1195,REF-2195,15-05-2026,2026-05-15 12:00:00,Nagpur City,RAMNAGAR ABIS,User 195,9876540195,Chicken Meat,Good,Good,Good,Good,Definitely not
MOCK-196,B-1196,REF-2196,01-03-2026,2026-03-01 12:00:00,Nagpur City,SADAR ABIS SHOP,User 196,9876540196,Chicken Meat,Good,Good,Good,Good,Definitely Yes
MOCK-197,B-1197,REF-2197,02-04-2026,2026-04-02 12:00:00,Nagpur City,SADAR ABIS SHOP,User 197,9876540197,Chicken Meat,Good,Good,Good,Good,Definitely Yes
MOCK-198,B-1198,REF-2198,03-05-2026,2026-05-03 12:00:00,Nagpur City,SADAR ABIS SHOP,User 198,9876540198,Chicken Meat,Good,Good,Good,Good,Probably Yes
MOCK-199,B-1199,REF-2199,04-06-2026,2026-06-04 12:00:00,Nagpur City,SADAR ABIS SHOP,User 199,9876540199,Chicken Meat,Good,Good,Good,Good,Somewhat Likely
MOCK-200,B-1200,REF-2200,05-03-2026,2026-03-05 12:00:00,Nagpur City,SADAR ABIS SHOP,User 200,9876540200,Chicken Meat,Good,Good,Good,Good,Probably not
MOCK-201,B-1201,REF-2201,06-04-2026,2026-04-06 12:00:00,Nagpur City,SADAR ABIS SHOP,User 201,9876540201,Chicken Meat,Good,Good,Good,Good,Definitely not
MOCK-202,B-1202,REF-2202,07-05-2026,2026-05-07 12:00:00,Nagpur City,SADAR ABIS SHOP,User 202,9876540202,Chicken Meat,Good,Good,Good,Good,Definitely Yes
MOCK-203,B-1203,REF-2203,08-06-2026,2026-06-08 12:00:00,Nagpur City,SADAR ABIS SHOP,User 203,9876540203,Chicken Meat,Good,Good,Good,Good,Definitely Yes
MOCK-204,B-1204,REF-2204,09-03-2026,2026-03-09 12:00:00,Nagpur City,SADAR ABIS SHOP,User 204,9876540204,Chicken Meat,Good,Good,Good,Good,Definitely Yes
MOCK-205,B-1205,REF-2205,10-04-2026,2026-04-10 12:00:00,Nagpur City,SADAR ABIS SHOP,User 205,9876540205,Chicken Meat,Good,Good,Good,Good,Probably Yes
MOCK-206,B-1206,REF-2206,11-05-2026,2026-05-11 12:00:00,Nagpur City,SADAR ABIS SHOP,User 206,9876540206,Chicken Meat,Good,Good,Good,Good,Somewhat Likely
MOCK-207,B-1207,REF-2207,12-06-2026,2026-06-12 12:00:00,Nagpur City,SADAR ABIS SHOP,User 207,9876540207,Chicken Meat,Good,Good,Good,Good,Probably not
MOCK-208,B-1208,REF-2208,13-03-2026,2026-03-13 12:00:00,Nagpur City,SADAR ABIS SHOP,User 208,9876540208,Chicken Meat,Good,Good,Good,Good,Definitely not
MOCK-209,B-1209,REF-2209,14-04-2026,2026-04-14 12:00:00,Nagpur City,SADAR ABIS SHOP,User 209,9876540209,Chicken Meat,Good,Good,Good,Good,Definitely Yes
MOCK-210,B-1210,REF-2210,15-05-2026,2026-05-15 12:00:00,Nagpur City,SADAR ABIS SHOP,User 210,9876540210,Chicken Meat,Good,Good,Good,Good,Definitely Yes
MOCK-211,B-1211,REF-2211,01-03-2026,2026-03-01 12:00:00,Raipur,Shankar Nagar,Raipur,User 211,9876540211,Chicken Meat,Good,Good,Good,Good,Definitely not
MOCK-212,B-1212,REF-2212,02-04-2026,2026-04-02 12:00:00,Raipur,Shankar Nagar,Raipur,User 212,9876540212,Chicken Meat,Good,Good,Good,Good,Definitely Yes
MOCK-213,B-1213,REF-2213,03-05-2026,2026-05-03 12:00:00,Raipur,Shankar Nagar,Raipur,User 213,9876540213,Chicken Meat,Good,Good,Good,Good,Definitely Yes
MOCK-214,B-1214,REF-2214,04-06-2026,2026-06-04 12:00:00,Raipur,Shankar Nagar,Raipur,User 214,9876540214,Chicken Meat,Good,Good,Good,Good,Definitely Yes
MOCK-215,B-1215,REF-2215,05-03-2026,2026-03-05 12:00:00,Raipur,Shankar Nagar,Raipur,User 215,9876540215,Chicken Meat,Good,Good,Good,Good,Probably Yes
MOCK-216,B-1216,REF-2216,06-04-2026,2026-04-06 12:00:00,Raipur,Shankar Nagar,Raipur,User 216,9876540216,Chicken Meat,Good,Good,Good,Good,Somewhat Likely
MOCK-217,B-1217,REF-2217,07-05-2026,2026-05-07 12:00:00,Raipur,Shankar Nagar,Raipur,User 217,9876540217,Chicken Meat,Good,Good,Good,Good,Probably not
MOCK-218,B-1218,REF-2218,08-06-2026,2026-06-08 12:00:00,Raipur,Shankar Nagar,Raipur,User 218,9876540218,Chicken Meat,Good,Good,Good,Good,Definitely not
MOCK-219,B-1219,REF-2219,09-03-2026,2026-03-09 12:00:00,Raipur,Shankar Nagar,Raipur,User 219,9876540219,Chicken Meat,Good,Good,Good,Good,Definitely Yes
MOCK-220,B-1220,REF-2220,10-04-2026,2026-04-10 12:00:00,Raipur,Shankar Nagar,Raipur,User 220,9876540220,Chicken Meat,Good,Good,Good,Good,Definitely Yes
MOCK-221,B-1221,REF-2221,11-05-2026,2026-05-11 12:00:00,Raipur,Shankar Nagar,Raipur,User 221,9876540221,Chicken Meat,Good,Good,Good,Good,Definitely Yes
MOCK-222,B-1222,REF-2222,12-06-2026,2026-06-12 12:00:00,Raipur,Shankar Nagar,Raipur,User 222,9876540222,Chicken Meat,Good,Good,Good,Good,Probably Yes
MOCK-223,B-1223,REF-2223,13-03-2026,2026-03-13 12:00:00,Raipur,Shankar Nagar,Raipur,User 223,9876540223,Chicken Meat,Good,Good,Good,Good,Somewhat Likely
MOCK-224,B-1224,REF-2224,14-04-2026,2026-04-14 12:00:00,Raipur,Shankar Nagar,Raipur,User 224,9876540224,Chicken Meat,Good,Good,Good,Good,Probably not
MOCK-225,B-1225,REF-2225,15-05-2026,2026-05-15 12:00:00,Raipur,Shankar Nagar,Raipur,User 225,9876540225,Chicken Meat,Good,Good,Good,Good,Definitely not
MOCK-226,B-1226,REF-2226,01-03-2026,2026-03-01 12:00:00,Nagpur City,SHANTI NAGAR ABIS,User 226,9876540226,Chicken Meat,Good,Good,Good,Good,Probably Yes
MOCK-227,B-1227,REF-2227,02-04-2026,2026-04-02 12:00:00,Nagpur City,SHANTI NAGAR ABIS,User 227,9876540227,Chicken Meat,Good,Good,Good,Good,Somewhat Likely
MOCK-228,B-1228,REF-2228,03-05-2026,2026-05-03 12:00:00,Nagpur City,SHANTI NAGAR ABIS,User 228,9876540228,Chicken Meat,Good,Good,Good,Good,Probably not
MOCK-229,B-1229,REF-2229,04-06-2026,2026-06-04 12:00:00,Nagpur City,SHANTI NAGAR ABIS,User 229,9876540229,Chicken Meat,Good,Good,Good,Good,Definitely not
MOCK-230,B-1230,REF-2230,05-03-2026,2026-03-05 12:00:00,Nagpur City,SHANTI NAGAR ABIS,User 230,9876540230,Chicken Meat,Good,Good,Good,Good,Definitely Yes
MOCK-231,B-1231,REF-2231,06-04-2026,2026-04-06 12:00:00,Nagpur City,SHANTI NAGAR ABIS,User 231,9876540231,Chicken Meat,Good,Good,Good,Good,Definitely Yes
MOCK-232,B-1232,REF-2232,07-05-2026,2026-05-07 12:00:00,Nagpur City,SHANTI NAGAR ABIS,User 232,9876540232,Chicken Meat,Good,Good,Good,Good,Definitely Yes
MOCK-233,B-1233,REF-2233,08-06-2026,2026-06-08 12:00:00,Nagpur City,SHANTI NAGAR ABIS,User 233,9876540233,Chicken Meat,Good,Good,Good,Good,Probably Yes
MOCK-234,B-1234,REF-2234,09-03-2026,2026-03-09 12:00:00,Nagpur City,SHANTI NAGAR ABIS,User 234,9876540234,Chicken Meat,Good,Good,Good,Good,Somewhat Likely
MOCK-235,B-1235,REF-2235,10-04-2026,2026-04-10 12:00:00,Nagpur City,SHANTI NAGAR ABIS,User 235,9876540235,Chicken Meat,Good,Good,Good,Good,Probably not
MOCK-236,B-1236,REF-2236,11-05-2026,2026-05-11 12:00:00,Nagpur City,SHANTI NAGAR ABIS,User 236,9876540236,Chicken Meat,Good,Good,Good,Good,Definitely not
MOCK-237,B-1237,REF-2237,12-06-2026,2026-06-12 12:00:00,Nagpur City,SHANTI NAGAR ABIS,User 237,9876540237,Chicken Meat,Good,Good,Good,Good,Definitely Yes
MOCK-238,B-1238,REF-2238,13-03-2026,2026-03-13 12:00:00,Nagpur City,SHANTI NAGAR ABIS,User 238,9876540238,Chicken Meat,Good,Good,Good,Good,Definitely Yes
MOCK-239,B-1239,REF-2239,14-04-2026,2026-04-14 12:00:00,Nagpur City,SHANTI NAGAR ABIS,User 239,9876540239,Chicken Meat,Good,Good,Good,Good,Definitely Yes
MOCK-240,B-1240,REF-2240,15-05-2026,2026-05-15 12:00:00,Nagpur City,SHANTI NAGAR ABIS,User 240,9876540240,Chicken Meat,Good,Good,Good,Good,Probably Yes
MOCK-241,B-1241,REF-2241,01-03-2026,2026-03-01 12:00:00,Raipur,Shivanand Nagar Raipur,User 241,9876540241,Chicken Meat,Good,Good,Good,Good,Definitely Yes
MOCK-242,B-1242,REF-2242,02-04-2026,2026-04-02 12:00:00,Raipur,Shivanand Nagar Raipur,User 242,9876540242,Chicken Meat,Good,Good,Good,Good,Definitely Yes
MOCK-243,B-1243,REF-2243,03-05-2026,2026-05-03 12:00:00,Raipur,Shivanand Nagar Raipur,User 243,9876540243,Chicken Meat,Good,Good,Good,Good,Probably Yes
MOCK-244,B-1244,REF-2244,04-06-2026,2026-06-04 12:00:00,Raipur,Shivanand Nagar Raipur,User 244,9876540244,Chicken Meat,Good,Good,Good,Good,Somewhat Likely
MOCK-245,B-1245,REF-2245,05-03-2026,2026-03-05 12:00:00,Raipur,Shivanand Nagar Raipur,User 245,9876540245,Chicken Meat,Good,Good,Good,Good,Probably not
MOCK-246,B-1246,REF-2246,06-04-2026,2026-04-06 12:00:00,Raipur,Shivanand Nagar Raipur,User 246,9876540246,Chicken Meat,Good,Good,Good,Good,Definitely not
MOCK-247,B-1247,REF-2247,07-05-2026,2026-05-07 12:00:00,Raipur,Shivanand Nagar Raipur,User 247,9876540247,Chicken Meat,Good,Good,Good,Good,Definitely Yes
MOCK-248,B-1248,REF-2248,08-06-2026,2026-06-08 12:00:00,Raipur,Shivanand Nagar Raipur,User 248,9876540248,Chicken Meat,Good,Good,Good,Good,Definitely Yes
MOCK-249,B-1249,REF-2249,09-03-2026,2026-03-09 12:00:00,Raipur,Shivanand Nagar Raipur,User 249,9876540249,Chicken Meat,Good,Good,Good,Good,Definitely Yes
MOCK-250,B-1250,REF-2250,10-04-2026,2026-04-10 12:00:00,Raipur,Shivanand Nagar Raipur,User 250,9876540250,Chicken Meat,Good,Good,Good,Good,Probably Yes
MOCK-251,B-1251,REF-2251,11-05-2026,2026-05-11 12:00:00,Raipur,Shivanand Nagar Raipur,User 251,9876540251,Chicken Meat,Good,Good,Good,Good,Somewhat Likely
MOCK-252,B-1252,REF-2252,12-06-2026,2026-06-12 12:00:00,Raipur,Shivanand Nagar Raipur,User 252,9876540252,Chicken Meat,Good,Good,Good,Good,Probably not
MOCK-253,B-1253,REF-2253,13-03-2026,2026-03-13 12:00:00,Raipur,Shivanand Nagar Raipur,User 253,9876540253,Chicken Meat,Good,Good,Good,Good,Definitely not
MOCK-254,B-1254,REF-2254,14-04-2026,2026-04-14 12:00:00,Raipur,Shivanand Nagar Raipur,User 254,9876540254,Chicken Meat,Good,Good,Good,Good,Definitely Yes
MOCK-255,B-1255,REF-2255,15-05-2026,2026-05-15 12:00:00,Raipur,Shivanand Nagar Raipur,User 255,9876540255,Chicken Meat,Good,Good,Good,Good,Definitely Yes
MOCK-256,B-1256,REF-2256,01-03-2026,2026-03-01 12:00:00,Bhilai,Smriti Nagar ABIS,User 256,9876540256,Chicken Meat,Good,Good,Good,Good,Probably Yes
MOCK-257,B-1257,REF-2257,02-04-2026,2026-04-02 12:00:00,Bhilai,Smriti Nagar ABIS,User 257,9876540257,Chicken Meat,Good,Good,Good,Good,Somewhat Likely
MOCK-258,B-1258,REF-2258,03-05-2026,2026-05-03 12:00:00,Bhilai,Smriti Nagar ABIS,User 258,9876540258,Chicken Meat,Good,Good,Good,Good,Probably not
MOCK-259,B-1259,REF-2259,04-06-2026,2026-06-04 12:00:00,Bhilai,Smriti Nagar ABIS,User 259,9876540259,Chicken Meat,Good,Good,Good,Good,Definitely not
MOCK-260,B-1260,REF-2260,05-03-2026,2026-03-05 12:00:00,Bhilai,Smriti Nagar ABIS,User 260,9876540260,Chicken Meat,Good,Good,Good,Good,Definitely Yes
MOCK-261,B-1261,REF-2261,06-04-2026,2026-04-06 12:00:00,Bhilai,Smriti Nagar ABIS,User 261,9876540261,Chicken Meat,Good,Good,Good,Good,Definitely Yes
MOCK-262,B-1262,REF-2262,07-05-2026,2026-05-07 12:00:00,Bhilai,Smriti Nagar ABIS,User 262,9876540262,Chicken Meat,Good,Good,Good,Good,Definitely Yes
MOCK-263,B-1263,REF-2263,08-06-2026,2026-06-08 12:00:00,Bhilai,Smriti Nagar ABIS,User 263,9876540263,Chicken Meat,Good,Good,Good,Good,Probably Yes
MOCK-264,B-1264,REF-2264,09-03-2026,2026-03-09 12:00:00,Bhilai,Smriti Nagar ABIS,User 264,9876540264,Chicken Meat,Good,Good,Good,Good,Somewhat Likely
MOCK-265,B-1265,REF-2265,10-04-2026,2026-04-10 12:00:00,Bhilai,Smriti Nagar ABIS,User 265,9876540265,Chicken Meat,Good,Good,Good,Good,Probably not
MOCK-266,B-1266,REF-2266,11-05-2026,2026-05-11 12:00:00,Bhilai,Smriti Nagar ABIS,User 266,9876540266,Chicken Meat,Good,Good,Good,Good,Definitely not
MOCK-267,B-1267,REF-2267,12-06-2026,2026-06-12 12:00:00,Bhilai,Smriti Nagar ABIS,User 267,9876540267,Chicken Meat,Good,Good,Good,Good,Definitely Yes
MOCK-268,B-1268,REF-2268,13-03-2026,2026-03-13 12:00:00,Bhilai,Smriti Nagar ABIS,User 268,9876540268,Chicken Meat,Good,Good,Good,Good,Definitely Yes
MOCK-269,B-1269,REF-2269,14-04-2026,2026-04-14 12:00:00,Bhilai,Smriti Nagar ABIS,User 269,9876540269,Chicken Meat,Good,Good,Good,Good,Definitely Yes
MOCK-270,B-1270,REF-2270,15-05-2026,2026-05-15 12:00:00,Bhilai,Smriti Nagar ABIS,User 270,9876540270,Chicken Meat,Good,Good,Good,Good,Probably Yes
MOCK-271,B-1271,REF-2271,01-03-2026,2026-03-01 12:00:00,Nagpur City,SUBASH NAGAR ABIS,User 271,9876540271,Chicken Meat,Good,Good,Good,Good,Probably Yes
MOCK-272,B-1272,REF-2272,02-04-2026,2026-04-02 12:00:00,Nagpur City,SUBASH NAGAR ABIS,User 272,9876540272,Chicken Meat,Good,Good,Good,Good,Somewhat Likely
MOCK-273,B-1273,REF-2273,03-05-2026,2026-05-03 12:00:00,Nagpur City,SUBASH NAGAR ABIS,User 273,9876540273,Chicken Meat,Good,Good,Good,Good,Probably not
MOCK-274,B-1274,REF-2274,04-06-2026,2026-06-04 12:00:00,Nagpur City,SUBASH NAGAR ABIS,User 274,9876540274,Chicken Meat,Good,Good,Good,Good,Definitely not
MOCK-275,B-1275,REF-2275,05-03-2026,2026-03-05 12:00:00,Nagpur City,SUBASH NAGAR ABIS,User 275,9876540275,Chicken Meat,Good,Good,Good,Good,Definitely Yes
MOCK-276,B-1276,REF-2276,06-04-2026,2026-04-06 12:00:00,Nagpur City,SUBASH NAGAR ABIS,User 276,9876540276,Chicken Meat,Good,Good,Good,Good,Definitely Yes
MOCK-277,B-1277,REF-2277,07-05-2026,2026-05-07 12:00:00,Nagpur City,SUBASH NAGAR ABIS,User 277,9876540277,Chicken Meat,Good,Good,Good,Good,Definitely Yes
MOCK-278,B-1278,REF-2278,08-06-2026,2026-06-08 12:00:00,Nagpur City,SUBASH NAGAR ABIS,User 278,9876540278,Chicken Meat,Good,Good,Good,Good,Probably Yes
MOCK-279,B-1279,REF-2279,09-03-2026,2026-03-09 12:00:00,Nagpur City,SUBASH NAGAR ABIS,User 279,9876540279,Chicken Meat,Good,Good,Good,Good,Somewhat Likely
MOCK-280,B-1280,REF-2280,10-04-2026,2026-04-10 12:00:00,Nagpur City,SUBASH NAGAR ABIS,User 280,9876540280,Chicken Meat,Good,Good,Good,Good,Probably not
MOCK-281,B-1281,REF-2281,11-05-2026,2026-05-11 12:00:00,Nagpur City,SUBASH NAGAR ABIS,User 281,9876540281,Chicken Meat,Good,Good,Good,Good,Definitely not
MOCK-282,B-1282,REF-2282,12-06-2026,2026-06-12 12:00:00,Nagpur City,SUBASH NAGAR ABIS,User 282,9876540282,Chicken Meat,Good,Good,Good,Good,Definitely Yes
MOCK-283,B-1283,REF-2283,13-03-2026,2026-03-13 12:00:00,Nagpur City,SUBASH NAGAR ABIS,User 283,9876540283,Chicken Meat,Good,Good,Good,Good,Definitely Yes
MOCK-284,B-1284,REF-2284,14-04-2026,2026-04-14 12:00:00,Nagpur City,SUBASH NAGAR ABIS,User 284,9876540284,Chicken Meat,Good,Good,Good,Good,Definitely Yes
MOCK-285,B-1285,REF-2285,15-05-2026,2026-05-15 12:00:00,Nagpur City,SUBASH NAGAR ABIS,User 285,9876540285,Chicken Meat,Good,Good,Good,Good,Probably Yes
MOCK-286,B-1286,REF-2286,01-03-2026,2026-03-01 12:00:00,Bilaspur,Torwa, Bilaspur,User 286,9876540286,Chicken Meat,Good,Good,Good,Good,Definitely Yes
MOCK-287,B-1287,REF-2287,02-04-2026,2026-04-02 12:00:00,Bilaspur,Torwa, Bilaspur,User 287,9876540287,Chicken Meat,Good,Good,Good,Good,Definitely Yes
MOCK-288,B-1288,REF-2288,03-05-2026,2026-05-03 12:00:00,Bilaspur,Torwa, Bilaspur,User 288,9876540288,Chicken Meat,Good,Good,Good,Good,Probably Yes
MOCK-289,B-1289,REF-2289,04-06-2026,2026-06-04 12:00:00,Bilaspur,Torwa, Bilaspur,User 289,9876540289,Chicken Meat,Good,Good,Good,Good,Somewhat Likely
MOCK-290,B-1290,REF-2290,05-03-2026,2026-03-05 12:00:00,Bilaspur,Torwa, Bilaspur,User 290,9876540290,Chicken Meat,Good,Good,Good,Good,Probably not
MOCK-291,B-1291,REF-2291,06-04-2026,2026-04-06 12:00:00,Bilaspur,Torwa, Bilaspur,User 291,9876540291,Chicken Meat,Good,Good,Good,Good,Definitely not
MOCK-292,B-1292,REF-2292,07-05-2026,2026-05-07 12:00:00,Bilaspur,Torwa, Bilaspur,User 292,9876540292,Chicken Meat,Good,Good,Good,Good,Definitely Yes
MOCK-293,B-1293,REF-2293,08-06-2026,2026-06-08 12:00:00,Bilaspur,Torwa, Bilaspur,User 293,9876540293,Chicken Meat,Good,Good,Good,Good,Definitely Yes
MOCK-294,B-1294,REF-2294,09-03-2026,2026-03-09 12:00:00,Bilaspur,Torwa, Bilaspur,User 294,9876540294,Chicken Meat,Good,Good,Good,Good,Definitely Yes
MOCK-295,B-1295,REF-2295,10-04-2026,2026-04-10 12:00:00,Bilaspur,Torwa, Bilaspur,User 295,9876540295,Chicken Meat,Good,Good,Good,Good,Probably Yes
MOCK-296,B-1296,REF-2296,11-05-2026,2026-05-11 12:00:00,Bilaspur,Torwa, Bilaspur,User 296,9876540296,Chicken Meat,Good,Good,Good,Good,Somewhat Likely
MOCK-297,B-1297,REF-2297,12-06-2026,2026-06-12 12:00:00,Bilaspur,Torwa, Bilaspur,User 297,9876540297,Chicken Meat,Good,Good,Good,Good,Probably not
MOCK-298,B-1298,REF-2298,13-03-2026,2026-03-13 12:00:00,Bilaspur,Torwa, Bilaspur,User 298,9876540298,Chicken Meat,Good,Good,Good,Good,Definitely not
MOCK-299,B-1299,REF-2299,14-04-2026,2026-04-14 12:00:00,Bilaspur,Torwa, Bilaspur,User 299,9876540299,Chicken Meat,Good,Good,Good,Good,Definitely Yes
MOCK-300,B-1300,REF-2300,15-05-2026,2026-05-15 12:00:00,Bilaspur,Torwa, Bilaspur,User 300,9876540300,Chicken Meat,Good,Good,Good,Good,Definitely Yes
MOCK-301,B-1301,REF-2301,01-03-2026,2026-03-01 12:00:00,Bhilai,Vaishali Nagar,Bhilai,User 301,9876540301,Chicken Meat,Good,Good,Good,Good,Definitely Yes
MOCK-302,B-1302,REF-2302,02-04-2026,2026-04-02 12:00:00,Bhilai,Vaishali Nagar,Bhilai,User 302,9876540302,Chicken Meat,Good,Good,Good,Good,Definitely Yes
MOCK-303,B-1303,REF-2303,03-05-2026,2026-05-03 12:00:00,Bhilai,Vaishali Nagar,Bhilai,User 303,9876540303,Chicken Meat,Good,Good,Good,Good,Definitely Yes
MOCK-304,B-1304,REF-2304,04-06-2026,2026-06-04 12:00:00,Bhilai,Vaishali Nagar,Bhilai,User 304,9876540304,Chicken Meat,Good,Good,Good,Good,Probably Yes
MOCK-305,B-1305,REF-2305,05-03-2026,2026-03-05 12:00:00,Bhilai,Vaishali Nagar,Bhilai,User 305,9876540305,Chicken Meat,Good,Good,Good,Good,Somewhat Likely
MOCK-306,B-1306,REF-2306,06-04-2026,2026-04-06 12:00:00,Bhilai,Vaishali Nagar,Bhilai,User 306,9876540306,Chicken Meat,Good,Good,Good,Good,Probably not
MOCK-307,B-1307,REF-2307,07-05-2026,2026-05-07 12:00:00,Bhilai,Vaishali Nagar,Bhilai,User 307,9876540307,Chicken Meat,Good,Good,Good,Good,Definitely not
MOCK-308,B-1308,REF-2308,08-06-2026,2026-06-08 12:00:00,Bhilai,Vaishali Nagar,Bhilai,User 308,9876540308,Chicken Meat,Good,Good,Good,Good,Definitely Yes
MOCK-309,B-1309,REF-2309,09-03-2026,2026-03-09 12:00:00,Bhilai,Vaishali Nagar,Bhilai,User 309,9876540309,Chicken Meat,Good,Good,Good,Good,Definitely Yes
MOCK-310,B-1310,REF-2310,10-04-2026,2026-04-10 12:00:00,Bhilai,Vaishali Nagar,Bhilai,User 310,9876540310,Chicken Meat,Good,Good,Good,Good,Definitely Yes
MOCK-311,B-1311,REF-2311,11-05-2026,2026-05-11 12:00:00,Bhilai,Vaishali Nagar,Bhilai,User 311,9876540311,Chicken Meat,Good,Good,Good,Good,Probably Yes
MOCK-312,B-1312,REF-2312,12-06-2026,2026-06-12 12:00:00,Bhilai,Vaishali Nagar,Bhilai,User 312,9876540312,Chicken Meat,Good,Good,Good,Good,Somewhat Likely
MOCK-313,B-1313,REF-2313,13-03-2026,2026-03-13 12:00:00,Bhilai,Vaishali Nagar,Bhilai,User 313,9876540313,Chicken Meat,Good,Good,Good,Good,Probably not
MOCK-314,B-1314,REF-2314,14-04-2026,2026-04-14 12:00:00,Bhilai,Vaishali Nagar,Bhilai,User 314,9876540314,Chicken Meat,Good,Good,Good,Good,Definitely not
MOCK-315,B-1315,REF-2315,15-05-2026,2026-05-15 12:00:00,Bhilai,Vaishali Nagar,Bhilai,User 315,9876540315,Chicken Meat,Good,Good,Good,Good,Definitely Yes
MOCK-316,B-1316,REF-2316,01-03-2026,2026-03-01 12:00:00,Bilaspur,Vypar Vihar, Bilaspur,User 316,9876540316,Chicken Meat,Good,Good,Good,Good,Definitely Yes
MOCK-317,B-1317,REF-2317,02-04-2026,2026-04-02 12:00:00,Bilaspur,Vypar Vihar, Bilaspur,User 317,9876540317,Chicken Meat,Good,Good,Good,Good,Definitely Yes
MOCK-318,B-1318,REF-2318,03-05-2026,2026-05-03 12:00:00,Bilaspur,Vypar Vihar, Bilaspur,User 318,9876540318,Chicken Meat,Good,Good,Good,Good,Definitely Yes
MOCK-319,B-1319,REF-2319,04-06-2026,2026-06-04 12:00:00,Bilaspur,Vypar Vihar, Bilaspur,User 319,9876540319,Chicken Meat,Good,Good,Good,Good,Probably Yes
MOCK-320,B-1320,REF-2320,05-03-2026,2026-03-05 12:00:00,Bilaspur,Vypar Vihar, Bilaspur,User 320,9876540320,Chicken Meat,Good,Good,Good,Good,Somewhat Likely
MOCK-321,B-1321,REF-2321,06-04-2026,2026-04-06 12:00:00,Bilaspur,Vypar Vihar, Bilaspur,User 321,9876540321,Chicken Meat,Good,Good,Good,Good,Probably not
MOCK-322,B-1322,REF-2322,07-05-2026,2026-05-07 12:00:00,Bilaspur,Vypar Vihar, Bilaspur,User 322,9876540322,Chicken Meat,Good,Good,Good,Good,Definitely not
MOCK-323,B-1323,REF-2323,08-06-2026,2026-06-08 12:00:00,Bilaspur,Vypar Vihar, Bilaspur,User 323,9876540323,Chicken Meat,Good,Good,Good,Good,Definitely Yes
MOCK-324,B-1324,REF-2324,09-03-2026,2026-03-09 12:00:00,Bilaspur,Vypar Vihar, Bilaspur,User 324,9876540324,Chicken Meat,Good,Good,Good,Good,Definitely Yes
MOCK-325,B-1325,REF-2325,10-04-2026,2026-04-10 12:00:00,Bilaspur,Vypar Vihar, Bilaspur,User 325,9876540325,Chicken Meat,Good,Good,Good,Good,Definitely Yes
MOCK-326,B-1326,REF-2326,11-05-2026,2026-05-11 12:00:00,Bilaspur,Vypar Vihar, Bilaspur,User 326,9876540326,Chicken Meat,Good,Good,Good,Good,Probably Yes
MOCK-327,B-1327,REF-2327,12-06-2026,2026-06-12 12:00:00,Bilaspur,Vypar Vihar, Bilaspur,User 327,9876540327,Chicken Meat,Good,Good,Good,Good,Somewhat Likely
MOCK-328,B-1328,REF-2328,13-03-2026,2026-03-13 12:00:00,Bilaspur,Vypar Vihar, Bilaspur,User 328,9876540328,Chicken Meat,Good,Good,Good,Good,Probably not
MOCK-329,B-1329,REF-2329,14-04-2026,2026-04-14 12:00:00,Bilaspur,Vypar Vihar, Bilaspur,User 329,9876540329,Chicken Meat,Good,Good,Good,Good,Definitely not
MOCK-330,B-1330,REF-2330,15-05-2026,2026-05-15 12:00:00,Bilaspur,Vypar Vihar, Bilaspur,User 330,9876540330,Chicken Meat,Good,Good,Good,Good,Definitely Yes